category,subcategory,ID,Description,GeneRatio,BgRatio,RichFactor,FoldEnrichment,zScore,pvalue,p.adjust,qvalue,geneID,Count
Environmental Information Processing,Membrane transport,aste02010,ABC transporters,Apr-43,40/4559,0.1,10.60232558,5.951544345,0.000490123,0.008284388,0.005881205,118509544/118510744/118510746/118515239,4
Organismal Systems,Immune system,aste04624,Toll and Imd signaling pathway,Apr-43,54/4559,0.074074074,7.853574505,4.943232553,0.001541201,0.011150227,0.007915706,118504847/118506135/118507956/118509864,4
