ID,Description,GeneRatio,BgRatio,RichFactor,FoldEnrichment,zScore,pvalue,p.adjust,qvalue,geneID,Count
GO:0016311,dephosphorylation,4/195,24/9793,0.166666667,8.37008547,5.152473012,0.001185197,0.012581327,0.009692708,118504913/118505202/118509032/118517600,4
GO:0005777,peroxisome,4/195,39/9793,0.102564103,5.150821828,3.702010575,0.007274038,0.045644353,0.035164604,118503567/118505662/118512343/118512908,4
